epoch,lr-Adam,step,train_loss,val_loss
,0.0001,0,,
0,,13,0.2239803522825241,
,9.972612215893683e-05,14,,
1,,27,0.06367077678442001,
,9.890748929868662e-05,28,,
2,,41,,0.07064507901668549
2,,41,0.033750440925359726,
